{"name":"Bruxx deals","lastrunstatus":"success","lastsuccess":"Sun Jan 19 2014 23:53:44 GMT+0000 (UTC)","nextrun":"Mon Jan 20 2014 00:53:43 GMT+0000 (UTC)","frequency":"hourly","newdata":true,"results":{"collection1":[{"Stad":"Basel","Land":"Zwitserland","Prijs":"€ 47"},{"Stad":"Milaan","Land":"Italië","Prijs":"€ 48"},{"Stad":"Berlijn","Land":"Duitsland","Prijs":"€ 51"},{"Stad":"Lyon","Land":"Frankrijk","Prijs":"€ 53"},{"Stad":"Genève","Land":"Zwitserland","Prijs":"€ 54"},{"Stad":"Toulouse","Land":"Frankrijk","Prijs":"€ 55"},{"Stad":"Boekarest","Land":"Roemenië","Prijs":"€ 62"},{"Stad":"Nice","Land":"Frankrijk","Prijs":"€ 65"},{"Stad":"Bacau","Land":"Roemenië","Prijs":"€ 72"},{"Stad":"Lissabon","Land":"Portugal","Prijs":"€ 75"},{"Stad":"Porto","Land":"Portugal","Prijs":"€ 80"},{"Stad":"Napels","Land":"Italië","Prijs":"€ 80"},{"Stad":"Gatwick","Land":"Verenigd Koninkrijk","Prijs":"€ 83"},{"Stad":"Londen","Land":"Verenigd Koninkrijk","Prijs":"€ 83"},{"Stad":"Rome","Land":"Italië","Prijs":"€ 85"},{"Stad":"Barcelona","Land":"Spanje","Prijs":"€ 85"},{"Stad":"Lourdes","Land":"Frankrijk","Prijs":"€ 90"},{"Stad":"Palma de Mallorca","Land":"Spanje","Prijs":"€ 90"},{"Stad":"Malaga","Land":"Spanje","Prijs":"€ 90"},{"Stad":"Venetië","Land":"Italië","Prijs":"€ 90"},{"Stad":"Cork","Land":"Ierland","Prijs":"€ 90"},{"Stad":"Madrid","Land":"Spanje","Prijs":"€ 93"},{"Stad":"Bilbao","Land":"Spanje","Prijs":"€ 95"},{"Stad":"Alicante","Land":"Spanje","Prijs":"€ 95"},{"Stad":"Dublin","Land":"Ierland","Prijs":"€ 96"},{"Stad":"Bologna","Land":"Italië","Prijs":"€ 96"},{"Stad":"Marseille","Land":"Frankrijk","Prijs":"€ 98"},{"Stad":"Vilnius","Land":"Litouwen","Prijs":"€ 99"},{"Stad":"Stuttgart","Land":"Duitsland","Prijs":"€ 100"},{"Stad":"Agadir","Land":"Marokko","Prijs":"€ 100"},{"Stad":"Gerona","Land":"Spanje","Prijs":"€ 100"},{"Stad":"Tirana","Land":"Albanië","Prijs":"€ 100"},{"Stad":"Boedapest","Land":"Hongarije","Prijs":"€ 100"},{"Stad":"Valencia","Land":"Spanje","Prijs":"€ 105"},{"Stad":"Edinburgh","Land":"Verenigd Koninkrijk","Prijs":"€ 105"},{"Stad":"Wenen","Land":"Oostenrijk","Prijs":"€ 106"},{"Stad":"Hamburg","Land":"Duitsland","Prijs":"€ 107"},{"Stad":"Praag","Land":"Tsjechië","Prijs":"€ 107"},{"Stad":"Marrakech","Land":"Marokko","Prijs":"€ 109"},{"Stad":"Oslo","Land":"Noorwegen","Prijs":"€ 112"},{"Stad":"Hannover","Land":"Duitsland","Prijs":"€ 113"},{"Stad":"Firenze","Land":"Italië","Prijs":"€ 116"},{"Stad":"Stockholm","Land":"Zweden","Prijs":"€ 117"},{"Stad":"Gothenburg","Land":"Zweden","Prijs":"€ 117"},{"Stad":"Ibiza","Land":"Spanje","Prijs":"€ 120"},{"Stad":"Bastia","Land":"Frankrijk","Prijs":"€ 120"},{"Stad":"Reus","Land":"Spanje","Prijs":"€ 120"},{"Stad":"Enfidha","Land":"Tunesië","Prijs":"€ 120"},{"Stad":"Antalya","Land":"Turkije","Prijs":"€ 120"},{"Stad":"Djerba","Land":"Tunesië","Prijs":"€ 120"},{"Stad":"Manchester","Land":"Vereningd Koninkrijk","Prijs":"€ 121"},{"Stad":"Turijn","Land":"Italië","Prijs":"€ 124"},{"Stad":"Turijn","Land":"Italië","Prijs":"€ 124"},{"Stad":"Kopenhagen","Land":"Denemarken","Prijs":"€ 127"},{"Stad":"Bristol","Land":"Verenigd Koninkrijk","Prijs":"€ 129"},{"Stad":"Straatsburg","Land":"Frankrijk","Prijs":"€ 130"},{"Stad":"Birmingham","Land":"Verenigd Koninkrijk","Prijs":"€ 136"},{"Stad":"Tanger","Land":"Marokko","Prijs":"€ 137"},{"Stad":"Nador","Land":"Marokko","Prijs":"€ 137"},{"Stad":"Casablanca","Land":"Marokko","Prijs":"€ 138"},{"Stad":"Menorca","Land":"Spanje","Prijs":"€ 139"},{"Stad":"Tenerife","Land":"Spanje","Prijs":"€ 140"},{"Stad":"Split","Land":"Kroatië","Prijs":"€ 140"},{"Stad":"Jerez","Land":"Spanje","Prijs":"€ 145"},{"Stad":"Lanzarote - Arrecife","Land":"Spanje","Prijs":"€ 149"},{"Stad":"Rhodos","Land":"Griekenland","Prijs":"€ 150"},{"Stad":"Pristina","Land":"Kosovo","Prijs":"€ 150"},{"Stad":"Rabat","Land":"Marokko","Prijs":"€ 155"},{"Stad":"Athene","Land":"Griekenland","Prijs":"€ 160"},{"Stad":"Funchal","Land":"Portugal","Prijs":"€ 160"},{"Stad":"Burgas","Land":"Bulgarije","Prijs":"€ 160"},{"Stad":"Reykjavik","Land":"Ijsland","Prijs":"€ 169"},{"Stad":"Santiago de Compostela","Land":"Spanje","Prijs":"€ 175"},{"Stad":"Las Palmas","Land":"Spanje","Prijs":"€ 180"},{"Stad":"Varna","Land":"Bulgarije","Prijs":"€ 180"},{"Stad":"Gran Canaria","Land":"Spanje","Prijs":"€ 180"},{"Stad":"Izmir","Land":"Turkije","Prijs":"€ 200"},{"Stad":"Dalaman","Land":"Turkije","Prijs":"€ 200"},{"Stad":"Bodrum","Land":"Turkije","Prijs":"€ 200"}]}}